id,first_name,last_name,email
1,Sam,Dran,sdran0@dropbox.com
2,Sherill,Bernakiewicz,sbernakiewicz1@wunderground.com
3,Devin,Moseley,dmoseley2@redcross.org
4,Elysha,Macro,emacro3@narod.ru
5,Lissie,Vickors,lvickors4@ocn.ne.jp
6,Joni,Bruhnsen,jbruhnsen5@rediff.com
7,Maridel,Murch,mmurch6@yahoo.com
8,Tedman,Goodbarne,tgoodbarne7@sciencedaily.com
9,Rennie,Ades,rades8@virginia.edu
10,Margret,O' Dornan,modornan9@youtu.be
11,Nikolaos,Eastwell,neastwella@hp.com
12,Rea,Attwoull,rattwoullb@dell.com
13,Kirby,Pfeffle,kpfefflec@archive.org
14,Nicol,Lackner,nlacknerd@etsy.com
15,Tara,MacDowall,tmacdowalle@netscape.com
16,Darwin,Heel,dheelf@1und1.de
17,Ailbert,Erwin,aerwing@163.com
18,Zelma,Gordon-Giles,zgordongilesh@springer.com
19,Chantal,Prettyman,cprettymani@imgur.com
20,Gerda,Prendergast,gprendergastj@epa.gov
21,Lilla,Cutchie,lcutchiek@google.com.hk
22,Niko,Wethered,nwetheredl@mayoclinic.com
23,Gardner,Lawty,glawtym@disqus.com
24,Fletcher,Oldcote,foldcoten@ftc.gov
25,Carree,Tanby,ctanbyo@sohu.com
26,Ted,Connors,tconnorsp@exblog.jp
27,Cliff,Pauls,cpaulsq@umich.edu
28,Rustin,Gatiss,rgatissr@cargocollective.com
29,Glynis,Leggon,gleggons@cisco.com
30,Daven,Dubery,dduberyt@netscape.com
31,Bernetta,Flay,bflayu@clickbank.net
32,Boigie,Meikle,bmeiklev@51.la
33,Bea,McVity,bmcvityw@sbwire.com
34,Augustina,Barmby,abarmbyx@tripod.com
35,Thaine,Blanch,tblanchy@businessinsider.com
36,Lilia,Crighten,lcrightenz@usda.gov
37,Chad,Becke,cbecke10@usda.gov
38,Nero,Whorton,nwhorton11@zdnet.com
39,Barty,Nund,bnund12@hexun.com
40,Earvin,Eade,eeade13@admin.ch
41,Cora,Vockings,cvockings14@free.fr
42,Micheline,Agate,magate15@ezinearticles.com
43,Kelcey,Semiraz,ksemiraz16@weebly.com
44,Artus,McMillan,amcmillan17@huffingtonpost.com
45,Norean,Kleinschmidt,nkleinschmidt18@dyndns.org
46,Merrile,Denholm,mdenholm19@buzzfeed.com
47,Christophorus,Gravet,cgravet1a@nymag.com
48,Base,Widocks,bwidocks1b@tamu.edu
49,Orelle,Eilhertsen,oeilhertsen1c@abc.net.au
50,Alexina,Hyrons,ahyrons1d@lycos.com
51,Lance,Seivwright,lseivwright1e@dmoz.org
52,Ripley,Peteri,rpeteri1f@nydailynews.com
53,Lucita,Billion,lbillion1g@nymag.com
54,Der,McGrowther,dmcgrowther1h@admin.ch
55,Niki,Dunmore,ndunmore1i@purevolume.com
56,Don,Woollam,dwoollam1j@cisco.com
57,Blondy,Cahn,bcahn1k@unesco.org
58,Nev,Calcott,ncalcott1l@wikimedia.org
59,Rosalynd,Northfield,rnorthfield1m@taobao.com
60,Codi,Arpur,carpur1n@shareasale.com
61,Amber,Karsh,akarsh1o@hibu.com
62,Ulla,Ellis,uellis1p@ning.com
63,Vite,Bosse,vbosse1q@home.pl
64,Anne-corinne,Mattaser,amattaser1r@wiley.com
65,Rinaldo,Benger,rbenger1s@e-recht24.de
66,Rube,Whysall,rwhysall1t@google.pl
67,Duff,Aldiss,daldiss1u@google.com.au
68,Chevalier,Willshere,cwillshere1v@ameblo.jp
69,Gabriela,Weafer,gweafer1w@addtoany.com
70,Yard,Rotlauf,yrotlauf1x@qq.com
71,Omar,Salkeld,osalkeld1y@cpanel.net
72,Hilliard,Shulem,hshulem1z@jugem.jp
73,Theodoric,Bignell,tbignell20@studiopress.com
74,Janka,Isselee,jisselee21@bizjournals.com
75,Trip,Tuckerman,ttuckerman22@alibaba.com
76,Jerald,Ketchaside,jketchaside23@ehow.com
77,Hoebart,Davydoch,hdavydoch24@ow.ly
78,Crystie,Scoone,cscoone25@smugmug.com
79,Tabby,Claughton,tclaughton26@twitter.com
80,Wylie,Wyllie,wwyllie27@xinhuanet.com
81,Rodrique,Bilby,rbilby28@shinystat.com
82,Shelly,Dellenbroker,sdellenbroker29@hibu.com
83,Hartley,Ludl,hludl2a@comsenz.com
84,Martina,Ashburner,mashburner2b@miitbeian.gov.cn
85,Susette,Smail,ssmail2c@answers.com
86,Rustie,MacGibbon,rmacgibbon2d@engadget.com
87,Chariot,Traske,ctraske2e@de.vu
88,Aurilia,Mottini,amottini2f@pagesperso-orange.fr
89,Gian,Creffield,gcreffield2g@oakley.com
90,Susy,Westhoff,swesthoff2h@studiopress.com
91,Jaynell,Zecchinelli,jzecchinelli2i@list-manage.com
92,Neville,Proswell,nproswell2j@mail.ru
93,Olvan,Josland,ojosland2k@storify.com
94,Willamina,Smedmore,wsmedmore2l@umich.edu
95,Demetris,Leale,dleale2m@canalblog.com
96,Revkah,Cohen,rcohen2n@exblog.jp
97,Dorthy,Wakenshaw,dwakenshaw2o@goo.gl
98,Buiron,Wyson,bwyson2p@bigcartel.com
99,Jaynell,Grindlay,jgrindlay2q@admin.ch
100,Dotty,Eyrl,deyrl2r@shinystat.com
